No,Prefix,First Name,Last Name,Email,City,State,Zip code,Date,Campaign,Phone,Marital_Status
1,Mr,Guillaume,Adamo,gadamo@aa.com,El Centro,CA,92243,12/5/2018,Email Blast,,Yes
750,Mr,Marc,Balk,markbalk@aa.com,Superior,CO,88025,11/18/2018,,(262)358-6636,No
2,Mrs,Frederique,Andree,fandree@jamia.com,Valley Center,CA,92082,5/27/2018,Partner Promotion,(810)292-9388,Yes
3,Mr,Aron,Arnould,aarnould@banquedefrance.com,Gulfport,MS,39501,7/22/2018,Social Media,856.636.8749,Yes
4,Mr,Philippe,Banco,pbanco@photospace.com,Bato Rouge,LA,70815,2/23/2018,Partner Promotion,,Yes
5,Mr,Adam, Doris ,adoris@aa.com,Durham,NC,27701,10/7/2018,Email Blast,,Yes
6,Mr,Anthony,Roride,aroride@bouygues.com,Livonia,MI,48150,4/16/2018,Email Blast,,Yes
7,Mrs,Amanda,Coroque,acoroque@bpce.com,New Berlin,WI,53151,7/29/2018,Email Blast,773-573-6914,Yes
8,Mr,Khalid,Craford,kcraford@divape.com,Brunswick,GA,31520,2/4/2018,Analyst Recommendations,,No
9,Mr,Albert,Cruz,acruz@jetblue.com,Memphis,TN,38141,1/24/2018,Social Media,(605)4142147,No
10,Mr,Mark,Cruz,mcru@cdc.gov,Washington,MD,20004,7/7/2018,Email Blast,410.655.8723,No
11,Mr,Gerard,Daniele,gdaniele@united.com,Portland,OR,97204,5/24/2018,Partner Promotion,,No
12,Mr,Andre,Donalle,adonalle@minefi.org,Piscataway,NJ,8854,3/30/2018,Social Media,6313353414,Yes
13,Mrs,Safietou, Fields,afieldsg3@gfp.com,Philadelphia,PA,19111,10/17/2018,Analyst Recommendations,304985651,Yes
14,Mr,Pierre,Flores,aflores8m@united.com,Wheaton,IL,60187,9/11/2018,Partner Promotion,,Yes
15,Mr,Gabriel,Fordeau,afordeau@pixonyx.com,Seattle,WA,98161,5/14/2018,Email Blast,,Yes
16,Mr,Anthony,Fordet,afordet@scheinderelectric.com,Newark,DE,19714,7/4/2018,Email Blast,,Yes
17,Mr,Sylvain,Forbi,aforbi@jetblue.com,Huntsville,AL,35801,12/25/2014,Analyst Recommendations,9313139635,Yes
18,Mr,Andre,Gonzales,agonzales@boeing.com,Wausau,WI,54401,7/15/2018,Email Blast,(414)661-9598,Yes
19,Mrs,Anne,Gonzalez ,agonzalez@aaadata.com,Boston,MA,2107,10/18/2018,Email Blast,,Yes
20,Mrs,Andrea,Grene,agrene@laposte.com,Eureka,CA,95501,1/26/2018,Email Blast,815-828-2147,Yes
21,Mr,Marc-Alexandre,Gutierrez,agutierrez69@purevolume.com,Bato Rouge,LA,70815,12/6/2018,Partner Promotion,6105453615,No
22,Mr,Alexander,Harpe ,aharpe@cridf.com,Chevy Chase,MD,20815,8/31/2018,Email Blast,408-540-1785,No
23,Mr,Mohamed,Harse,mharse@istockphoto.com,Phoenix,AZ,85003,11/26/2014,Analyst Recommendations,972.303.9197,No
24,Mr,Cyrille, C50Havis,ahavis@skajo.com,Detroit,MI,48207,1/19/2018,Email Blast,518-966-7987,Yes
25,Mr,Adam,Henry,ahenry88@aa.com,New York,NY,10013,,,,Yes
26,Mr,Philippe,Jason,ajackson4y@chicagotribune.com,Kyle,TX,78640,7/7/2018,Email Blast,7156626764,Yes
27,Mrs,Malika,Jordan,ajordana0@ask.com,Springfield,IL,62703,3/8/2018,Partner Promotion,(913)388-2079,Yes
28,Mr,Emmanuel,Kelly,akellyjs@united.com,Omaha,NE,68114,4/2/2018,Analyst Recommendations,(410)669-1642,Yes
29,Mrs,Raphaele,King,akingeq@soup.io,Shepherdstown,WV,25443,7/10/2018,Email Blast,,Yes
30,Mr,Laurent,Lane,alane2g@cam.ac.uk,Spokane,WA,99202,9/21/2018,Email Blast,936-336-3951,Yes
31,Mr,Thierry,Lewis,alewism0@aa.com,Roanoke,VA,24011,2/13/2018,Email Blast,614-801-9788,Yes
32,Mrs,Amie,Lynch,alynch@technip.com,Philadelphia,PA,19103,12/22/2014,Email Blast,505-977-3911,Yes
33,Mr,Abdellatif,Maliki,amaliki@psa.com,Englewood,CO,80112,6/18/2018,Email Blast,201-709-6245,Yes
34,Mr,Antonio,Marshall,amarshallax@ubisoft.com,Sacramento,CA,94260,8/29/2018,Email Blast,,Yes
35,Mr,Damien,Martin,amartin20@earthlink.net,Berkeley,CA,94704,8/27/2018,Partner Promotion,,Yes
36,Mr,Envel,Matrice,amatrice@irs.gov,Saint Louis,MO,63108,4/26/2018,Email Blast,504-979-9175,No
37,Mr,Patrick,Matty,amatthewsrm@adeo.com,Evanston,IL,60219,6/5/2018,Email Blast,(212)675-8570,No
38,Mrs,Victoria,Midon,amidon@webnode.com,Sacramento,CA,95814,12/27/2014,Email Blast,,No
39,Mrs,Aline,Midon,amcdonalddy@dell.com,Rocky Mount,NC,27801,7/20/2018,Email Blast,210-812-9597,No
40,Mr,serge,Milleri,amillerjf@onf.com,Wenatchee,WA,98801,6/21/2018,Partner Promotion,854637829,No
41,Mr,philippe,Mongom,amontgomery8o@airtbus.com,Dunwoody,GA,30338,11/27/2014,Email Blast,,No
42,Mr,Antonio, Murrati,amurrati@agrica.org,Roanoke,TX,76262,12/28/2014,Analyst Recommendations,,No
43,Mr,Pascal,Murrati,amurraycv@jiathis.com,Boise,ID,83702,11/24/2014,Partner Promotion,907-231-4722,No
44,Mr,Chris,Murraty,amurraylt@foxnews.com,Milford,KS,66514,8/21/2018,Analyst Recommendations,305-606-7291,No
45,Mrs,Anna,Neson,aneson@sfr.com,Moroni,UT,84646,12/29/2014,Email Blast,907-741-1044,No
46,Mrs,Katia,Nguyen ,knguyen@boeing.com,St Augustine,FL,32084,12/20/2014,Partner Promotion,952-768-2416,Yes
47,Mr,Laurent,Ouvens,aouvense@canalblog.com,Bato Rouge,LA,32507,2/22/2018,Analyst Recommendations,,Yes
48,Mrs,Anne,Pallier,apallier@aelia.com,Corpus Christi,TX,78476,3/7/2018,Email Blast,323-453-2779,No
49,Mr,Didier,Paris C76,apayneoi@aol.com,Eureka,CA,95501,11/18/2018,Partner Promotion,608-336-7444,Yes
50,Mrs,Anne-Marie,Perrin,aperiin@dewingu.com,Manchester,CT,6040,9/21/2018,Partner Promotion,,No
51,Mr,Aaron,Phillippe,aphillippe@axa.com,Saint Louis,MO,63109,9/17/2018,Email Blast,212-402-9216,Yes
52,Mrs,Anne,Phillipe,aphillippe@lmg.com,Spring Valley,WI,54767,9/21/2018,Social Media,931-875-6644,No
53,Mrs,Carole,Porele,aporele@united.com,Paterson,NJ,7501,3/9/2018,Analyst Recommendations,803-925-5213,Yes
54,Mr,Etienne,Reyes,areyesip@stanford.edu,Austin,TX,78744,9/2/2018,Email Blast,610-814-5533,Yes
55,Mr,Xavier,Ricet,ariced5@united.com,Murrieta,CA,92562,4/13/2018,Analyst Recommendations,908-877-6135,Yes
56,Mrs,Ingrid,Richard,arichardsonkm@free.com,San Diego,CA,92103,10/12/2014,Email Blast,516-968-6051,Yes
57,Mr,Salvatore,Robert,aroberts1v@plasticomnium.com,Stlouis,MO,63101,7/20/2018,Social Media,,Yes
58,Mr,Thierry,Roger,arogers4x@github.io,Saint Louis,MO,63146,11/16/2018,Email Blast,,No
59,Mrs,CEJDA,Rilland,arrilliand@aa.com,Tukwila,WA,98168,12/1/2018,Partner Promotion,401-458-2547,No
60,Mr,Philippe,Ruiz,aruizfc@tinypic.com,Jacksonville,FL,32216,8/23/2018,Social Media,215-211-9589,No
61,Mr,Nick,Schmidt,aschmidt94@aa.com,Akron,OH,44303,1/18/2018,Analyst Recommendations,401-960-8259,No
62,Mr,Yves,Scott,ascottea@jetblue.com,Kansas City,KS,66215,11/3/2018,Email Blast,732-234-1546,No
63,Mr,Cong-Thach ,Simmons,asimmonsdt@g.co,Fargo,ND,58102,1/7/2018,Partner Promotion,512-486-3817,No
64,Mr,Antonio,Spencer,aspencerrf@umich.edu,Kansas City,MO,64106,6/9/2018,Partner Promotion,303-724-7371,Yes
65,Mrs,Michele,Stanley,astanleyqm@keyrus.com,Charlotte,NC,28273,6/5/2018,Social Media,414-748-1374,Yes
66,Mrs,Nina,Stevens,astevens7w@amazon.com,Spokane,WA,99201,6/17/2018,Analyst Recommendations,212-674-9610,Yes
67,Mr,Herve,Stone,astonee1@aa.com,Phoenix,AZ,85040,12/15/2014,Analyst Recommendations,907-797-9628,Yes
68,Mr,Antonio,Tillisi,atillisi@bouygues.com,Houston,TX,77036,8/15/2018,Email Blast,814-393-5571,Yes
69,Mr,Francois,West,awest62@rambler.ru,Minneapolis,MN,55406,10/2/2018,Analyst Recommendations,410-914-9018,Yes
70,Mr,Emmanuel,Wheeler,awheelerjy@gleeden.com,Washington,DC,20036,4/3/2018,Email Blast,208-862-5339,Yes
71,Mr,Albert,William,awilliam@solvay.com,Bato Rouge,LA,70815,7/20/2018,Social Media,415-315-2761,No
72,Mr,Olivier,Boyd,bboydfb@yandex.ru,College Park,MD,20741,6/21/2018,Email Blast,919-225-9345,No
73,Mr,Daniel,Cook,bcook9b@jimdo.com,Philadelphia,PA,19125,5/17/2018,Email Blast,,No
74,Mr,Etienne,Elliott,belliottdw@sita.com,Big Piney,WY,83113,12/7/2018,Email Blast,925-647-3298,No
75,Mr,Renaud,Ellis,bellis2d@stmicro.com,Omaha,NE,68124,5/4/2018,Email Blast,740-343-575,No
76,Mr,Bill,FIELDS,bfields@axa.com,Indianapolis,IN,46225,5/15/2018,Email Blast,585-866-8313,No
77,Mr,Hubert,Gomez,bgomezks@printfriendly.com,Miami,FL,33165,7/28/2018,Email Blast,,Yes
78,Mr,Marc-Alexandre,Harris,bharrisku@jetblue.com,Miles,TX,76861,8/28/2018,Email Blast,973-354-2040,Yes
79,Mr,Benjamin,Hayes,bhayes32@google.co.uk,Arlington,TX,76011,3/30/2018,Email Blast,,Yes
80,Mrs,Beatrice,Jacob,bjacobs13@google.pl,Richmond,IN,47374,4/17/2018,Email Blast,973-927-3447,Yes
81,Mr,Yves,Lopez,blopez2z@washingtonpost.com,Wales,AK,99783,8/11/2018,Email Blast,505.975.8559,No
82,Mrs,Betty,Macoi,bmacoi@schineiderelectric.com,Greenwood,MS,38903,2/2/2018,Analyst Recommendations,718-332-6527,No
83,Mr,Julien,Mor+C109son,bmorrison4n@webmd.com,Chicago,IL,60606,5/16/2018,Email Blast,9047754480,No
84,Mr,Bilal,Pakita,bpakita@united.com,Charlotte,NC,28202,9/15/2018,Email Blast,510-993-3758,Yes
85,Mr,Nicolas,Perez,bperezke@webs.com,Barrow,AK,99723,3/11/2018,Email Blast,,Yes
86,Mr,Philippe,Perry,bperrydm@usda.gov,Mount Clemens,MI,48044,4/6/2018,Email Blast,817-914-7518,Yes
87,Mrs,Brenda,Phillips ,bphillipsey@canalblog.com,Lawrence,MA,1840,12/9/2018,Social Media,310-774-7643,Yes
88,Mr,Francois,Porteur,bporteur@areva.com,San Diego,CA,92103,2/12/2014,Email Blast,847-728-7286,No
89,Mr,Philippe,Riley,brileye7@southwest.com,Mililani,HI,96789,11/4/2018,Email Blast,,No
90,Mr,Pascal,Roberts,broberts4w@yahoo.com,Madison,WI,53704,10/8/2018,Email Blast,215-255-1641,No
91,Mr,Bessem,Ruiz,bruizlz@southwest.com,Houston,TX,77028,7/15/2018,Partner Promotion,650-80-1936,No
92,Mr,Guillaume,Sanders,bsanders8y@scientificamerican.com,Newark,NJ,7102,1/23/2018,Partner Promotion,626-572-1096,No
93,Mr,Philippe,Stewart,bstewart6a@imageshack.us,Bato,LA,19103,8/20/2018,Email Blast,254-782-8569,
94,Mrs,Martine,  Stone,bstone8d@cmacgm.com,Morristown,NJ,7960,11/2/2018,Partner Promotion,907-870-5536,Yes
95,Mrs,Peggy,Stone,bstonego@census.gov,Bato Rouge,LA,70815,3/29/2018,Email Blast,,Yes
96,Mr,Didier,Weaver,bweaver7g@comsenz.com,Birmingham,AL,35222,9/8/2018,Analyst Recommendations,510-503-7169,Yes
97,Mr,Benjamin,Williams,bwilliamsmq@united.com,Anaheim,CA,92801,12/17/2014,Social Media,317-722-5066,
98,Mr,Dan,Arnold,carnoldcu@house.gov,Green Bay,WI,54304,8/26/2018,Email Blast,307.704.8713,
99,Mr,Thierry,Banks,cbanksps@southwest.com,Wichita,KS,67226,8/1/2018,Email Blast,703-235-3937,
100,Mr,Cedric,Bellot,cbellot@minefi.org,Peoria,IL,61602,3/9/2018,Email Blast,(504)7105840,
101,Mr,Bouchaib,Bennett,cbennettbg@southwest.com,Philadelphia,PA,19123,10/11/2018,Email Blast,303-301-4946,
102,Mrs,Christine,Bron,cbron@adeo.com,Campbellton,TX,78008,3/20/2018,Email Blast,510-828-7047,
103,Mr,Walrand,Burns,cburns1u@1688.com,Three Rivers,MI,49093,3/8/2018,Email Blast,808-892-7943,
104,Mr,Thierry,Burton,cburtonpr@google.co.jp,Northbrook,IL,60062,12/25/2014,Analyst Recommendations,952-334-9408,
105,Mr,Cyril,Chavez,cchavezd7@elpais.com,Prentiss,MS,39474,3/19/2018,Email Blast,336-243-5659,
106,Mr,Olivier,Dean,cdean3j@weather.com,Ft Lauderdale,FL,33311,10/15/2018,Analyst Recommendations,516-509-2347,
107,Mr,Christopher,Fernandez,cfernandezfo@bloomberg.com,Los Angeles,CA,90024,8/24/2018,Social Media,503-939-3153,
108,Mr,Jose,Garrett,cgarrett7y@typepad.com,Belgrade,MT,59714,7/21/2018,Email Blast,608-976-7199,
109,Mrs,Nadine,Garza,cgarzar0@1und1.de,Portland,OR,97205,2/1/2018,Email Blast,508-429-8576,
110,Mr,Charles,Hansen,chansenk@printemps.com,Vancouver,WA,98686,3/6/2018,Email Blast,305-385-9695,
111,Mr,Craig,Harper,charper7i@southwest.com,Norwalk,OH,44857,11/10/2018,Email Blast,814-460-2655,
112,Mr,Thierry,Harper,charpergr@g.co,Houston,TX,77058,4/9/2018,Email Blast,972-666-3413,
113,Mr,Francois,Hayes,chayesbv@united.com,El Segundo,CA,90245,1/4/2018,Analyst Recommendations,931-273-8709,
114,Mrs,Isabelle,Jackson,cjacksonp@southwest.com,South Lyon,MI,48178,10/15/2018,Email Blast,973-649-2922,No
115,Mrs,Clarisse,Jentin,cjentin@loxam.com,Las Cruces,NM,88005,8/22/2018,Partner Promotion,305-420-8970,No
116,Mrs,Laurence,Johnson,cjohnson7d@nbcnews.com,New Haven,CT,6511,4/9/2018,Email Blast,410-224-9462,No
117,Mr,Eric,Johnston,cjohnstone4@blogtalkradio.com,San Bruno,CA,94066,10/14/2018,Email Blast,805-275-3566,No
118,Mr,Charley,Jone,cjone@opera.com,Framingham,MA,1701,5/11/2018,Email Blast,808-215-6832,No
119,Mr,Frederic,Jordan,cjordanlp@southwest.com,Houston,TX,77006,5/20/2018,Analyst Recommendations,229-735-3378,No
120,Mrs,Katia,Knight,cknightf1@ucoz.ru,Chesapeake,VA,23320,4/23/2018,Email Blast,617-418-5043,No
121,Mrs,Maud,Larson,clarson@ageas.com,Phoenix,AZ,85003,4/8/2018,Partner Promotion,201-672-1553,
122,Mr,Philippe,Lynch,clynchbi@1und1.de,Rush Center,KS,67575,12/11/2018,Social Media,650-933-5072,
123,Mr,Samir,Miller,cmillernz@hud.gov,Jensen Beach,FL,33457,4/17/2018,Email Blast,909-639-9887,Yes
124,Mr,Francois,Moore,cmooreit@1und1.de,Victoria,TX,77901,6/20/2018,Email Blast,510-955-3016,Yes
125,Mrs,Eglantine,Myers,cmyersdf@boeingt.com,Portland,OR,97205,4/17/2018,Email Blast,518-497-2940,Yes
126,Mr,Philippe,Nichols,cnicholshk@army.mil,Madison,WI,53703,3/1/2018,Email Blast,570-867-7489,Yes
127,Mrs,Claire,Owens,cowenskv@sdis13.com,Reno,NV,89501,6/26/2018,Email Blast,973-245-2133,Yes
128,Mr,Gerardo,Reynolds,creynolds29@icloud.com,Bato,LA,70815,10/25/2018,Social Media,908-409-2890,Yes
129,Mrs,Dalila,Richardson,crichardson6i@mozilla.org,Carbondale,IL,62901,1/23/2018,Analyst Recommendations,321-749-4981,Yes
130,Mr,Christophe,Riget,criget@creditagricole.com,Lake Dallas,TX,76065,4/4/2016,Partner Promotion,718-809-3762,
131,Mrs,Christine,Romero,cromerom1@socgen.com,Hackensack,NJ,7601,12/8/2018,Email Blast,808-315-3077,
132,Mrs,Rachel,Romero,cromeron0@warstila.com,Miami,FL,33131,4/3/2018,Partner Promotion,303-623-4241,
133,Mr,Quac,Ruiz,cruizi6@marketwatch.com,Asheville,NC,28801,1/22/2018,Partner Promotion,973-310-1634,
134,Mr,Damien,Ryan,cryanp0@united.com,Bato,LA,70815,1/4/2018,Email Blast,609-524-3586,
135,Mr,Johnathon,Turner,cturner1w@ft.com,Salem,OR,97305,9/17/2018,Social Media,908-877-8409,
136,Mr,Gerardo,Vasquez,cvasquez6z@jetblue.com,Dallas,TX,75207,9/24/2018,Social Media,508-584-4279,Yes
137,Mr,Alexis,Villon,cvillon@gemalto.com,Chicago,IL,60657,2/11/2018,Partner Promotion,773-775-4522,No
138,Mr,Antoine,White,cwhitemx@nps.gov,Cypress Gardens,FL,33884,1/19/2018,Email Blast,503-527-5274,Yes
139,Mrs,Eglantine,Wilson,cwilson3t@southwest.com,Little Rock,AR,72212,12/19/2014,Analyst Recommendations,214-339-1809,
140,Mr,Erik,Wright,cwright75@vistaprint.com,Southfield,MI,48075,6/30/2018,Email Blast,312-303-5453,
141,Mr,Gregory,Bailey,dbaileycf@hexun.com,Seattle,WA,98109,8/21/2018,Partner Promotion,419-939-3613,
142,Mrs,Caroline,Barnes,dbarnes45@minefi.com,Ferndale,WA,98248,6/17/2018,Email Blast,951-645-3605,No
143,Mrs,Diane,Coleman,dcoleman3u@dailymail.co.uk,Olivette,MO,63132,3/20/2018,Email Blast,254-463-4368,
144,Mr,Cyrille,Cooper,dcooperbd@jalbum.net,Everett,WA,98275,12/16/2014,Email Blast,615-406-7854,
145,Mr,David,Coppeur,dcopeur@ingenico.com,Indianapolis,IN,46218,1/5/2018,Email Blast,414-959-2540,No
146,Mrs,Deborah,Diaz,ddiaz@samsung.com,Saginaw,MI,48607,1/23/2018,Email Blast,410-387-5260,
147,Mrs,Isabelle,Foster,dfosterli@symantec.com,Fredericksburg,VA,22408,4/15/2018,Analyst Recommendations,972-934-6914,
148,Mr,Virgil,Garcia,dgarciant@nationalgeographic.com,New York,NY,10029,12/18/2014,Email Blast,310-560-8022,
149,Mr,Django,Gibon,dgibon@united.com,Richmond,VA,23219,7/10/2018,Email Blast,516-948-5768,
150,Mr,Carole,Hanson,dhanson2o@united.com,St Petersburg,FL,33701,6/15/2018,Analyst Recommendations,609-518-7697,
151,Mr,Felix,Hunter,dhunter7m@patch.com,Decatur,IL,62522,3/12/2014,Partner Promotion,513-508-7371,Yes
152,Mrs,Virginie,Hunter,dhunterau@google.it,Randlett,UT,84063,1/3/2018,Email Blast,541-326-4074,
153,Mr,Pat,Jenkins,djenkins1t@usatoday.com,Louisville,KY,40299,9/23/2018,Email Blast,919-533-3762,
154,Mr,Lionel,Long,dlongb9@multiply.com,Bronx,NY,10458,3/2/2018,Partner Promotion,212-332-8435,
155,Mr,Maxime,Mendoza,dmendoza5i@istockphoto.com,Columbia,SC,29223,1/14/2018,Email Blast,602-906-9419,
156,Mr,Autodistribution,Payne,dpaynens@usatoday.com,New Orleans,LA,70112,2/13/2018,Email Blast,317-234-1135,
157,Mr,Yves,Pierce,dpierce9p@united.com,Lenexa,MO,66215,12/5/2018,Partner Promotion,315-304-4759,
158,Mr,Didier,Porter,dporterki@yahoo.com,Suitland,MD,20746,3/12/2014,Email Blast,856-487-5412,
159,Mr,Daniel,Price,dprice5h@ibm.com,Trafalgar,IN,46181,12/2/2018,Email Blast,516-212-1915,
160,Mr,Didier,quellier,dquellier@natixis.com,Portland,OR,97214,10/3/2018,Email Blast,501-308-1040,No
161,Mr,Gabriel,Ray,draynf@webmd.com,Jamestown,NY,14701,12/8/2018,Email Blast,651-591-2583,
162,Mr,Romaric,Reynolds,dreynoldsqs@sphinn.com,Elmhurst,NY,11373,8/6/2018,Email Blast,215-325-3042,
163,Mr,Lou,Sanchez,dsanchezj3@cnrs.com,Minneapolis,MN,55402,1/13/2018,Email Blast,985-890-7262,
164,Mr,Daniel,Sanders,dsandersmb@yellowpages.com,Kansas City,MO,64106,1/8/2018,Partner Promotion,631-957-7624,
165,Mr,Fabien,Stewart,dstewart30@facebook.com,Concord,CA,94520,1/18/2018,Social Media,916-591-3277,
166,Mr,Pierre,Webb,dwebbg@purevolume.com,Miami,FL,33176,7/31/2018,Analyst Recommendations,208-649-2373,
167,Mr,Rodolphe,Wells,dwellshh@gizmodo.com,Farmington Hills,MI,48331,8/23/2018,Analyst Recommendations,512-587-5746,
168,Mrs,Laurence,West,dwestce@zimbio.com,Norristown,PA,19403,7/9/2018,Social Media,215-964-3284,
169,Mr,Joel,Williams,dwilliams91@bandcamp.com,Columbus,GA,31901,10/14/2018,Social Media,808-477-4775,
170,Mr,Christian,Williamson,dwilliamsonex@tuttocitta.it,Whippany,NJ,7981,12/18/2014,Email Blast,775-501-8109,
171,Mr,Eugene,Allen,eallen@united.com,Corpus Christi,TX,78476,2/19/2018,Email Blast,847-979-9545,
172,Mr,Ernest,Allen,eallenpx@aurel.com,Richmond,VA,23233,10/2/2018,Social Media,973-545-7355,Yes
173,Mr,Edouard,Bishop,ebishop2@heliocome.com,Gagetown,MI,48735,3/24/2018,Email Blast,864-256-3620,
174,Mr,Yoni,Boyd,eboydkd@united.com.hk,Imperial Beach,CA,92032,6/28/2018,Partner Promotion,410-209-9545,
175,Mr,Nicolas,Castillo,ecastillobw@squarespace.com,Pompano Beach,FL,33064,7/3/2018,Email Blast,914-855-2115,
176,Mrs,Marie-Francoise,Chavez,echaveziv@vkontakte.ru,La Habra,CA,90631,2/25/2018,Email Blast,212-260-3151,
177,Mrs,Aurelie,Cook,ecook2@sorbonne.edu,Brockton,MA,2401,10/13/2018,Email Blast,510-677-9785,
178,Mr,Maurice,Cox,ecoxco@oracle.com,Salinas,CA,93901,8/7/2018,Email Blast,978-697-6263,
179,Mr,Serge,Edwards,eedwardsrq@noaa.gov,Winchester,KY,40391,1/16/2018,Email Blast,415-767-6596,
180,Mr,Gael,Fowler,efowler77@vinaora.com,Santa Clara,CA,95054,1/4/2018,Email Blast,201-971-1638,
181,Mr,Eric,Franklin,efranklinjp@idf.gov,Philadelphia,PA,19103,1/25/2018,Social Media,925-634-7158,
182,Mrs,Julie,Gardner,egardner8g@laposte.com,Sharonville,OH,45241,6/24/2018,Email Blast,773-494-4195,
183,Mr,Christian,Gomez,egomezh9@webs.com,Philadelphia,PA,19103,2/3/2018,Partner Promotion,973-943-3423,
184,Mrs,Elizabeth,Hayes,ehayes5g@sina.com.cn,Landover,MD,20785,3/15/2018,Partner Promotion,419-544-4900,
185,Mr,Reynald,Jackson,ejacksony@yahoo.co.jp,Mount Pleasant,TX,75455,9/24/2018,Email Blast,310-579-2907,
186,Mr,Sylvain,Kennedy,ekennedyg5@youtu.be,Salina,KS,67401,7/28/2018,Email Blast,352-242-2570,
187,Mr,Guillaume ,Kim,ekim3q@united.com,Jersey City,NJ,7305,8/2/2018,Analyst Recommendations,408-758-5015,
188,Mr,Antony,Kim,ekim55@ftc.gov,Raleigh,NC,27607,10/7/2018,Email Blast,570-889-5187,
189,Mr,Kamel,Little,elittlepc@mtv.com,Tucson,AZ,85701,8/22/2018,Partner Promotion,201-588-7810,
190,Mrs,Nate,Mills,emillsi8@wired.com,Centennial,CO,80111,12/3/2018,Email Blast,925-615-5185,
191,Mrs,Rachel,Reynolds,ereynoldsjr@cnet.com,Miramar,FL,33025,7/30/2018,Email Blast,908-802-3564,
192,Mr,Patrick,Robertson,erobertson26@ask.com,San Antonio,TX,78205,10/10/2018,Partner Promotion,631-748-6479,
193,Mr,Smain,Robertson,erobertsonq8@php.net,Vancouver,WA,98663,2/5/2018,Partner Promotion,805-690-1682,
194,Mr,Eric,Schmidt,eschmidt1y@ebay.com,Ellicott City,MD,21042,3/30/2018,Partner Promotion,908-275-8357,
195,Mr,Xavier,Shaw,eshaw4f@constantcontact.com,Longview,TX,75601,12/3/2018,Partner Promotion,503-940-8327,
196,Mr,Pascal,Stephens,estephens54@about.com,East Lansing,MI,48823,4/3/2018,Analyst Recommendations,503-516-2189,
197,Mr,Victor,Thompson,ethompson72@cornell.edu,Riverside,CA,92507,8/12/2014,Email Blast,856-305-9731,
198,Mr,Jose,West,ewest27@dion.ne.jp,Fayetteville,NC,28301,11/27/2014,Partner Promotion,770-507-8791,
199,Mr,Radu,Banks,fbankslj@wsj.com,Birmingham,AL,35222,5/30/2018,Email Blast,904-235-3633,
200,Mrs,Murielle,Carter,fcarterls@hao123.com,Waukesha,WI,53186,9/19/2018,Partner Promotion,207-458-9196,
201,Mr,Christophe,Cunningham,fcunninghamil@quantcast.com,Belhaven,NC,27810,4/28/2018,Social Media,817-765-5781,No
202,Mrs,France,Dicon,fdicon@ibm.com,Mcallen,TX,78501,9/23/2018,Email Blast,716-752-4114,
203,Mr,Regis,Elliott,felliottlk@ifeng.com,Houston,TX,77020,7/1/2018,Email Blast,305-670-9628,
204,Mr,Daniel,Foster,ffostermf@earthlink.net,Tampa,FL,33634,11/10/2018,Partner Promotion,212-313-1783,
205,Mr,Lionel,Hansen,fhansenib@netlog.com,Redmond,WA,98052,3/28/2018,Partner Promotion,215-605-7570,
206,Mrs,Brigitte,Hawkins,fhawkinsoz@keyrus.com,Yonkers,NY,10701,8/24/2018,Email Blast,850-430-1663,
207,Mr,Fred,Hughes,fhughesqy@jetblue.com,San Francisco,CA,94107,4/20/2018,Email Blast,415-306-7897,
208,Mrs,calixte,Kelly,fkellynv@printemps.com,Jacksonville,NC,28540,8/23/2018,Social Media,408-504-3552,
209,Mr,Franck,Kennedy,fkennedy@yauchan.com,New York,NY,10016,4/12/2014,Email Blast,650-947-1215,
210,Mr,Thierry,King,fkingis@jimdo.com,Richmond,VA,23222,7/9/2018,Email Blast,818-864-4875,
211,Mrs,Florence,Montgomery,fmontgomery@bergerlevrault.com,Jackson,MS,39211,7/29/2018,Analyst Recommendations,215-558-8189,
212,Mr,Frederic,Rodriguez,frodriguez@alstom.com,Newton,GA,31770,6/7/2018,Analyst Recommendations,337-253-8384,
213,Mr,Cyrille,Ruiz,fruiziy@cnrs.com,Atlanta,GA,30328,4/6/2018,Partner Promotion,313-533-4884,
214,Mrs,Delphine,West,fwest4g@posterous.com,Salt Lake City,UT,84113,8/15/2018,Analyst Recommendations,512-213-8574,
215,Mr,Virgil,Andrews,gandrews59@scientificamerican.com,Lubbock,TX,79401,2/20/2018,Analyst Recommendations,214-428-2285,
216,Mrs,Peggy,Brown,gbrown@canalblog.com,Las Cruces,NM,88001,2/21/2018,Analyst Recommendations,206-697-5796,
217,Mr,Nicolas,Bryant,gbryantlm@cnamts.com,Southfield,MI,48034,1/11/2018,Partner Promotion,610-476-3501,
218,Mr,Greg,Butler,gbutlerq0@united.com,Milwaukee,WI,53226,7/9/2018,Email Blast,215-372-1718,
219,Mr,Laurent,Collins,gcollinsrn@aphp.com,Dayton,OH,45402,4/28/2018,Partner Promotion,310-858-5079,
220,Mr,Gerald,Denne,gdenne@bred.com,Cambridge,MA,2141,1/6/2018,Email Blast,707-653-8214,
221,Mr,Jerome,Franklin,gfranklinox@abc.net.au,San Carlos,CA,94070,3/22/2018,Partner Promotion,407-808-9439,
222,Mrs,Lise,Green,ggreenpe@comcast.net,Asheville,NC,28806,10/16/2018,Social Media,760-971-4322,
223,Mrs,Gloria,Hamilton,ghamiltongw@creativecommons.org,Syracuse,NY,13205,8/1/2018,Social Media,508-837-9230,
224,Mr,Pierre-Marie,Henry,ghenrye2@vimeo.com,Grand Rapids,MI,49503,11/22/2018,Partner Promotion,936-264-9294,
225,Mr,Gregory,Lebre,glebre@cxp.com,Beaumont,TX,77701,7/5/2018,Email Blast,414-214-8697,
226,Mrs,Gloria,Littiery,glittiery@ubisoft.com,New England,ND,58647,6/14/2018,Email Blast,626-636-4117,
227,Mr,Antony,Mitchell,gmitchellgc@ihg.com,Encinitas,CA,92024,7/7/2018,Email Blast,914-300-9193,Yes
228,Mr,Franck,Olson,golsonpj@jetblue.com,Philadelphia,PA,19103,9/15/2018,Social Media,214-289-1973,
229,Mr,Rodolphe,Parker,gparkereg@businessweek.com,Appleton,WI,54913,5/12/2014,Email Blast,228-235-5615,
230,Mr,Olivier,Ruiz,gruizpi@usatoday.com,North Dade,FL,33180,6/23/2018,Partner Promotion,305-604-8981,
231,Mrs,Laurence,Sullivan,gsullivan5d@jetblue.com,New York,NY,10029,8/24/2018,Email Blast,212-304-9225,
232,Mr,Christian,Wells,gwellsbm@yahoo.com,Elmsford,NY,10523,1/20/2018,Partner Promotion,201-474-4924,
233,Mr,Gabriel,West,gwestll@sanofi.com,Oakland,CA,94612,6/28/2018,Partner Promotion,734-928-5182,
234,Mr,Georges,White,gwhiteqx@moonfruit.com,Cambridge,MA,2141,10/5/2018,Email Blast,631-258-6558,
235,Mr,Robert,Butler,hbutler95@unc.edu,Phoenix,AZ,85039,3/14/2018,Social Media,330-791-8557,
236,Mr,Harold,Cox,hcoxbp@saintgobain.com,Washington,DC,20005,4/30/2018,Social Media,203-506-4706,
237,Mr,Harry,Franklin,hfranklinri@jetblue.com,Reno,NV,89503,5/28/2018,Email Blast,703-322-4041,
238,Mr,Pascal,Freeman,hfreemanpf@narod.ru,Sunrise,FL,33323,12/17/2014,Partner Promotion,978-626-2978,
239,Mr,Yacine,Fuller,hfuller1e@laredoute.com,Stevens Village,AK,99774,2/19/2018,Analyst Recommendations,419-693-1334,
240,Mr,Gael,Jackson,hjacksoncg@accuweather.com,Medina,NY,14103,2/26/2018,Analyst Recommendations,253-660-7821,
241,Mrs,Cecile,Martin,hmartinn@bioplan.com,Smyrna,GA,30080,12/8/2018,Analyst Recommendations,916-741-7884,
242,Mr,Henry,Morales,hmorales@sogessur.com,Walterboro,SC,29488,5/19/2018,Social Media,307-342-7795,
243,Mr,Marc,Owens,howenscq@wordpress.org,Ina,IL,62846,12/4/2018,Partner Promotion,207-627-7565,
244,Mr,Harold,Palmer,hpalmerbn@united.com,Los Angeles,CA,90017,10/30/2018,Partner Promotion,215-491-5633,
245,Mrs,Helene,Palmer,hpalmerq7@liveinternet.ru,Southfield,MI,48075,3/22/2018,Email Blast,813-769-2939,
246,Mrs,Nina,Peterson,hpeterson8b@lcl.com,Bakersfield,CA,93301,12/15/2014,Email Blast,619-608-1763,
247,Mr,Henry,Rodriguez,hrodriguez@sncf.com,Wausau,WI,54401,6/12/2014,Email Blast,979-718-8968,
248,Mr,Lou,Russell,hrussell5m@jetblue.com,Asheville,NC,28801,11/10/2018,Email Blast,847-233-3075,No
249,Mr,Guillaume,Cox,icoxcn@blinklist.com,Hanover,VA,23069,2/12/2014,Analyst Recommendations,609-228-5265,
250,Mr,Maxime,Dixon,idixonk7@merriam-webster.com,Gainesville,FL,32607,6/14/2018,Analyst Recommendations,908-722-7128,
251,Mrs,Irene,Martinez,imartinezra@united.com,Mulvane,KS,67110,3/5/2018,Partner Promotion,718-560-9537,
252,Mr,Franck,Robertson,irobertson2u@issuu.com,Clearwater,FL,34621,6/23/2018,Partner Promotion,314-787-1588,
253,Mrs,Ingrid,Stephens,istephens@boeing.com,Gardena,CA,90247,1/14/2018,Analyst Recommendations,209-317-1801,
254,Mr,Frederic,Adams,jadams3s@patch.com,Denver,CO,80202,6/18/2018,Partner Promotion,973-936-5095,
255,Mrs,Jeanne,Alexander,jalexander44@united.com,Burr Ridge,IL,61257,11/22/2018,Email Blast,317-578-2453,
256,Mr,Jason,Arisson,jarisson@bdf.com,Drummond,WI,54832,4/1/2018,Email Blast,206-540-6076,
257,Mr,Jerry,Arnold,jarnold@oracle.com,Vernon Hills,IL,60061,10/18/2018,Social Media,336-822-7652,
258,Mr,Patrick,Arnold,jarnoldav@united.com,Gatlinburg,TN,37738,11/3/2018,Email Blast,785-629-8542,
259,Mr,Fabrice,Austin,jaustinni@blogspot.com,New York,NY,10007,1/15/2018,Analyst Recommendations,407-471-6908,
260,Mrs,Lise,Berry,jberrycc@nhindustries.com,Memphis,TN,38115,6/8/2018,Email Blast,612-508-2655,
261,Mr,Emmanuel,Brooks,jbrooksbs@godaddy.com,Munford,TN,38058,12/9/2018,Partner Promotion,803-352-5387,
262,Mr,Jeremie,Butler,jbutlerom@EFA.org,Burr Ridge,IL,61257,3/12/2014,Partner Promotion,707-300-1771,
263,Mr,Christophe,Carroll,jcarrolleu@zimbio.com,Jackson,MS,39201,1/15/2018,Partner Promotion,847-222-1734,
264,Mr,Jean,Charpentier,jcharpentier@irs.com,Gulfport,MS,39503,12/25/2014,Email Blast,949-867-4077,
265,Mrs,Cecile,Clark,jclarkly@dagondesign.com,Gainesville,FL,32601,3/22/2018,Email Blast,303-404-2210,Yes
266,Mr,Damien,Collins,jcollinsf6@tripadvisor.com,Pine Bluff,AR,71601,10/23/2018,Email Blast,203-801-6193,
267,Mrs,Helene,Cruz,jcruzia@united.com.au,Campton,KY,41301,3/18/2018,Email Blast,425-986-7573,
268,Mr,Olivier,Cruz,jcruzq1@youtu.be,Port Isabel,TX,78578,5/30/2018,Email Blast,440-989-5826,
269,Mr,Olivier,Davis,jdavisp4@vinaora.com,Birmingham,AL,35203,10/10/2018,Email Blast,603-315-6839,
270,Mr,Denis,Diaz,jdiazm7@pagesperso-orange.com,Hawthorne,CA,90250,11/13/2018,Analyst Recommendations,321-518-5938,
271,Mr,Sebastien,Dunn,jdunn1p@accorhotels.com,Saint Louis,MO,63102,7/8/2018,Analyst Recommendations,212-792-8658,
272,Mr,Vincent,Elliott,jelliotti0@fema.gov,Houston,TX,77099,8/27/2018,Analyst Recommendations,714-584-2237,
273,Mrs,Julia,Farid,jfarid@united.com,Vineyard Haven,MA,2568,3/7/2018,Email Blast,248-913-4677,
274,Mrs,Judith,Flores,jfloreslx@tarkett.com,Helena,MT,59601,3/5/2018,Email Blast,317-825-4724,
275,Mr,Gabriel,Franklin,jfranklinme@ezinearticles.com,New York,NY,10003,6/30/2018,Email Blast,940-276-7922,
276,Mr,Damien,Fuller,jfuller5e@comcast.net,Henning,MN,56551,7/15/2018,Email Blast,203-721-3388,
277,Mrs,Judith,Graham,jgraham4h@photobucket.com,East Hartford,CT,6108,6/8/2018,Analyst Recommendations,410-739-9277,
278,Mrs,Pascale,Grant,jgrantie@mac.com,Miami,FL,33169,8/5/2018,Analyst Recommendations,504-463-4384,
279,Mr,Jalil,Griffin,jgriffin2q@united.com,Groesbeck,TX,76642,10/9/2018,Social Media,804-550-5097,
280,Mr,Jean,Griffin,jgriffin8w@united.com,San Antonio,TX,78231,10/6/2018,Email Blast,215-979-8776,
281,Mrs,Jeannette,Gutierrez,jgutierrezl5@ccr.com,Piedmont,AL,36272,10/25/2018,Email Blast,952-651-7597,
282,Mr,Hanh,Hansen,jhansen6d@wired.com,Pittsburgh,PA,15219,4/15/2018,Analyst Recommendations,305-936-8226,
283,Mr,Jerome,Harris,jharrisb6@galderma.com,Knoxville,TN,37917,3/21/2018,Analyst Recommendations,414-263-5287,No
284,Mrs,Laurence,Harrison,lharrison@habitat.com,Buffalo,NY,14214,11/24/2014,Email Blast,732-941-2621,
285,Mrs,Valerie,Hart,jharth2@ihg.com,Minneapolis,MN,55415,12/31/2014,Analyst Recommendations,701-898-2154,
286,Mrs,Marthe,Hernandez,jhernandez@jetblue.com,Eagleville,PA,19403,4/6/2018,Partner Promotion,775-638-9963,
287,Mr,Nicolas,Hill,jhillk5@cmu.edu,San Antonio,TX,78218,5/14/2018,Partner Promotion,602-954-5141,
288,Mr,Jean,Hovelle,jhovelle@galfa.com,Juneau,WI,53039,5/7/2018,Social Media,615-390-2251,
289,Mrs,Aline,Hudson,jhudson4l@united.com,Tampa,FL,33602,2/26/2018,Email Blast,410-351-1863,
290,Mr,Jerome,HUGUES,jhughes@thales.com,Milwaukee,WI,53213,9/4/2018,Email Blast,212-870-1286,
291,Mr,Ali,Hughes,jhughes1c@meetup.com,Dallas,TX,75204,1/8/2018,Email Blast,806-703-1435,
292,Mrs,Roseline,Hunt,jhuntmk@lmg.com,Rancho Cordova,CA,95670,3/16/2018,Email Blast,323-765-2528,
293,Mr,Serge,Kelley,jkelleyeb@drupal.org,Garden City,NY,11530,6/25/2018,Analyst Recommendations,619-509-5282,
294,Mr,Bertrand,Kelly,jkelly8q@archive.org,Irvine,CA,92614,5/16/2018,Email Blast,770-732-1194,
295,Mr,Jonathan,Kim,jkim@sncf.com,Burr Ridge,IL,60527,3/7/2018,Social Media,508-769-5250,
296,Mrs,Janice,Lewis,jlewise9@paypal.com,Woburn,MA,1801,3/7/2018,Partner Promotion,269-756-7222,
297,Mrs,Laurence,Martinez,jmartinez7p@microsoft.com,Tulsa,OK,74131,2/26/2018,Partner Promotion,973-714-1721,
298,Mrs,Laurine,Martinez,jmartinezb4@cnrs.com,Lake Forest,IL,60045,2/9/2018,Email Blast,337-740-9323,
299,Mrs,Jennifer,Martin,jmartinf3@raje.com,Lynchburg,VA,24504,11/6/2018,Email Blast,717-491-5643,
300,Mr,Joe,Mason,jmasoni@disneyland.com,Oklahoma City,OK,73128,9/24/2018,Analyst Recommendations,314-359-9566,
301,Mrs,Marie-Christine,Mccoy,jmccoykh@google.ru,San Rafael,CA,94909,4/4/2016,Email Blast,817-213-8851,
302,Mr,Eric,Mitchell,jmitchell6q@ifeng.com,Grand Rapids,MI,49503,4/30/2018,Social Media,813-932-8715,
303,Mrs,Victoria,Mitchell,jmitchellh4@sfr.com,Port St Joe,FL,32456,2/25/2018,Analyst Recommendations,770-679-4752,
304,Mr,Thierry,Moore,jmooreo@bluejam.com,Gosport,IN,47433,6/8/2018,Social Media,760-938-6069,
305,Mr,Gilles,Moreno,jmorenoh1@united.com,Dodgeville,WI,53533,7/25/2018,Analyst Recommendations,517-906-1108,
306,Mrs,Jacqueline,Murphy,jmurphy23@united.com,Georgetown,MS,39078,1/29/2018,Analyst Recommendations,602-390-4944,
307,Mr,Christian,Nelson,jnelson81@jugem.jp,San Francisco,CA,94107,10/5/2018,Email Blast,207-295-7569,
308,Mr,Jo,Nicole,jnichols2x@manutan.com,Beaumont,TX,77701,2/1/2018,Email Blast,301-696-6420,
309,Mrs,Nadine,Parker,jparkernp@united.com,Atlantic,IA,50022,10/10/2018,Analyst Recommendations,717-809-3119,
310,Mr,Joe,Perkin,jperkin@efl.com,Lafayette,IN,47905,9/9/2018,Social Media,972-419-7946,
311,Mrs,Valerie,Perry,jperry7r@sncf.com,Hartford,CT,6103,5/1/2018,Partner Promotion,406-318-1515,
312,Mr,Johnny,peters,jpeters6@hp.com,San Jose,CA,95134,8/24/2018,Email Blast,973-767-3008,
313,Mr,Ludovic,Peterschmigt,jpeterschmidt@jetblue.com,Mcminnville,OR,97128,3/16/2018,Email Blast,248-980-6904,
314,Mrs,Joelle,Ramirez,jramirez40@sodexo.com,Maybrook,NY,12543,6/28/2018,Analyst Recommendations,216-923-3715,
315,Mrs,Marie,Ramirez,jramirezfa@nasa.gov,Salt Lake City,UT,84104,6/7/2018,Email Blast,325-631-1560,
316,Mr,Joseph,Ramos,jramosnx@rhodia.com,Pittsburgh,PA,15220,2/25/2018,Social Media,817-526-4408,
317,Mrs,Joelle,Reid,jreidft@united.com,New York,NY,10013,8/29/2018,Email Blast,718-201-3751,
318,Mr,Henri,Richards,jrichards24@jiathis.com,Birdsboro,PA,19508,4/11/2018,Email Blast,401-893-4882,
319,Mr,Eric,Riley,jrileypw@free.com,Omaha,NE,68102,7/4/2018,Partner Promotion,717-885-9118,
320,Mr,Olivier,Robinson,jrobinsoncp@washington.edu,Saint Louis,MO,63108,9/27/2018,Email Blast,401-948-4982,
321,Mr,Jimmy,Romero,jromero@saintgobain.com,Tampa,FL,33602,6/16/2018,Analyst Recommendations,305-622-4739,
322,Mr,Nicolas,Romero,jromero9n@united.com,Sudbury,MA,1776,1/12/2014,Partner Promotion,201-832-4168,
323,Mr,Jean,Ruiz,jruiz74@mac.com,Vicksburg,LA,39180,12/25/2014,Email Blast,210-856-4979,
324,Mr,Jacques,Russell,jrussell1o@united.com,Matthews,NC,28105,12/26/2014,Email Blast,718-478-8504,
325,Mr,pierre,Simons,jsimons@msf.org,Hickory Hills,IL,60457,12/17/2018,Partner Promotion,909-993-3242,
326,Mr,Joan,Snyder,jsnyderaw@addthis.com,Suitland,MD,20746,7/1/2018,Email Blast,216-230-4892,
327,Mr,Cong-Thach ,Snyder,jsnydernb@1688.com,Boone,IA,50036,12/17/2014,Email Blast,212-304-4515,
328,Mr,Jimmy,Stewart,jstewartck@united.com,Stamford,CT,6905,1/28/2018,Email Blast,804-762-9576,
329,Mr,Florent,Stone,jstonepb@npr.org,South Boston,MA,2127,6/2/2018,Social Media,706-221-4243,
330,Mrs,GLADYS,Sullivan,jsullivan4r@socgen.com,Dallas,TX,75247,1/6/2018,Analyst Recommendations,337-515-1438,
331,Mr,Georges,Tucker,jtuckerig@moonfruit.com,West Warwick,RI,2893,12/27/2014,Analyst Recommendations,973-544-2677,
332,Mrs,Flore,Turner,jturnerdd@laposte.com,New York,NY,10004,11/19/2018,Analyst Recommendations,607-407-3716,
333,Mr,Philippe,Wagner,jwagner9y@buzzfeed.com,Louisville,KY,40244,8/13/2018,Social Media,973-412-2995,
334,Mr,Pascal,Ward,jward85@lycos.com,Milton Mills,ME,3852,9/7/2018,Social Media,208-252-4552,
335,Mr,Racim,Warren,jwarren1z@about.me,Oklahoma City,OK,73102,1/8/2018,Email Blast,415-411-1775,
336,Mrs,Fabienne,Weaver,jweaverew@arizona.edu,Southern Pines,NC,28387,8/24/2018,Email Blast,508-942-4186,
337,Mr,Nicolas,Young,jyounggy@fc2.com,Clayton,WI,54001,12/29/2014,Partner Promotion,248-357-8718,
338,Mr,Stephane,Baker,kbakere8@hubpages.com,Helena,MT,59601,4/4/2016,Partner Promotion,920-353-6377,
339,Mrs,Marion,Brown,kbrown3k@oakley.com,Canton,MI,48187,4/19/2018,Email Blast,410-665-4903,
340,Mrs,Kathy,Cole,kcolepz@unesco.org,Leesburg,VA,22075,8/1/2018,Email Blast,719-669-1664,
341,Mrs,Raphaele,Cooper,kcoopera7@minefi.org,Atlanta,GA,30305,12/14/2014,Partner Promotion,419-588-8719,
342,Mr,Kevin,Davis,kdavisqo@photobucket.com,Winston Salem,NC,27101,2/10/2018,Email Blast,301-998-9644,
343,Mrs,Kathy,Ducan,kducan@Accor.com,Satanta,KS,67870,11/22/2018,Analyst Recommendations,508-855-9887,
344,Mr,Maurice,Fernandez,kfernandez2t@ask.com,Bridgeport,NY,13030,9/25/2018,Partner Promotion,703-483-1970,
345,Mrs,Pascale,Garcia,kgarciam@creditagricole.com,Kalamazoo,MI,49007,11/23/2014,Email Blast,410-678-2473,
346,Mrs,Caroline,George,kgeorge18@boston.com,Oklahoma City,OK,73128,5/31/2018,Email Blast,512-223-4791,
347,Mr,Alain,Greene,kgreene7h@united.com,Baltimore,MD,21202,6/12/2014,Social Media,623-461-8551,
348,Mr,Francois,Hunter,khunterjc@loc.gov,New Orleans,LA,70129,5/27/2018,Social Media,419-571-5920,
349,Mrs,Kathryn,Jackson,kjacksoneh@bluehost.com,Raleigh,NC,27603,8/2/2018,Email Blast,206-311-4137,
350,Mr,Alexandre,Jacobs,kjacobsdz@jetblue.com,Seattle,WA,98109,4/4/2016,Email Blast,513-617-2362,
351,Mr,Alain,King,kkingnw@pbs.org,Denver,CO,80202,3/5/2018,Email Blast,812-368-1511,
352,Mr,Keith,Larson,klarson@orange.com,Oxford,MI,48371,3/30/2018,Analyst Recommendations,847-353-2156,
353,Mr,Autodistribution,Lawrence,klawrencehe@united.com,Lakeland,FL,33813,11/19/2018,Partner Promotion,718-232-2337,
354,Mrs,Kathleen,Lawson,klawson6e@istockphoto.com,Castle Rock,AZ,86403,10/26/2018,Partner Promotion,407-446-4358,
355,Mr,Pascal,Lawson,klawsonhz@cnet.com,Dallas,TX,75234,5/18/2018,Email Blast,310-820-2117,
356,Mr,Charles,Nguyen,knguyen3a@bbb.org,Carmel,IN,46032,8/10/2018,Email Blast,813-797-4816,
357,Mr,Clement ,Nguyen,knguyenfv@privacy.gov.au,Nashville,TN,37209,2/9/2018,Email Blast,915-452-1290,
358,Mr,Eric,Perez,kperez1m@dga.com,Ypsilanti,MI,48198,12/10/2018,Email Blast,619-603-5125,
359,Mr,Didier,Peters,kpetersek@businesswire.com,Pierson,FL,32080,8/3/2018,Partner Promotion,301-841-5012,
360,Mr,Philippe,Richards,krichardsat@biglobe.ne.jp,Jefferson City,MO,65101,8/4/2018,Analyst Recommendations,714-523-6653,
361,Mrs,Kimberly,Romero,kromeroqr@elegantthemes.com,Cambridge,MA,2141,2/26/2018,Email Blast,314-732-9131,
362,Mr,Olivier,Schmidt,kschmidt8l@phoca.cz,South River,NJ,8882,5/16/2018,Email Blast,512-233-1831,
363,Mr,Kathy,Sims,ksims37@united.com,Wilmington,DE,19801,4/30/2018,Email Blast,336-670-2640,
364,Mr,Hanh,Sims,ksimsl1@mysql.com,Waymart,PA,18472,2/18/2018,Email Blast,631-443-4710,
365,Mr,Stephane,Taylor,ktaylor8p@nbcnews.com,Gary,IN,46403,5/22/2018,Email Blast,201-825-2514,
366,Mrs,Laurence,Walker,kwalkeret@minagri.com,Prentice,WI,54556,5/16/2018,Social Media,901-412-4381,
367,Mrs,Helene,West,kwestmv@jetblue.com,Chicago,IL,60606,8/26/2018,Analyst Recommendations,404-505-4445,
368,Mr,Thierry,Woods,kwoods8a@yale.edu,Gum Tree,VA,23005,12/28/2014,Analyst Recommendations,650-473-1262,
369,Mr,Philippe,Alexander,lalexander64@digg.com,Warrensville Heights,OH,44128,4/7/2018,Email Blast,952-702-7993,
370,Mrs,Lisa,Alexander,lalexanderei@jetblue.Com,San Luis Obispo,CA,93401,11/3/2018,Social Media,480-726-1280,
371,Mr,Julien,Bell,lbella6@united.com,Philadelphia,PA,19146,12/24/2014,Email Blast,718-976-8610,
372,Mr,Louis,Bryant,lbryant9g@hao123.com,Sacramento,CA,95817,8/8/2018,Partner Promotion,770-844-3447,
373,Mr,Albert,Burke,lburke8j@utexas.edu,Wilmington,NC,28412,7/24/2018,Analyst Recommendations,507-210-3510,
374,Mr,Christophe,Campbell,lcampbell2l@jetblue.com,Fredericksburg,VA,22401,6/19/2018,Analyst Recommendations,203-461-1949,
375,Mr,Xavier,Carpenter,lcarpenterif@xrea.com,Pikesville,MD,21208,1/12/2014,Email Blast,260-273-3725,
376,Mr,Laurent,Cocus,lcocus@gmx.com,Gaines,MI,48436,4/6/2018,Partner Promotion,601-927-8287,
377,Mr,Lois,Cooper,lcooperbt@jetblue.com,Douglas,GA,31533,12/1/2018,Analyst Recommendations,586-970-7380,
378,Mrs,Laura,Crawford,lcrawfordrp@uiuc.edu,Odessa,TX,79763,10/1/2018,Email Blast,719-853-3600,
379,Mr,Stephane,Levreaud,levreauds@afd.com,Carmel,IN,46032,9/4/2018,Email Blast,212-745-8484,
380,Mr,Louis,Fernandez,lfernandezk3@npr.org,Bay St. Louis,MS,39529,11/6/2018,Email Blast,510-686-3407,
381,Mr,Lars,Franklin,lfranklin@axa.com,Pittsburgh,PA,15205,9/16/2018,Analyst Recommendations,773-704-9903,
382,Mr,Rachid,Freeman,lfreemanfz@census.gov,San Diego,CA,92103,1/28/2018,Partner Promotion,570-218-4831,
383,Mr,Wissam,Graham,lgrahamlb@csmonitor.com,Appling,GA,30802,8/2/2018,Email Blast,530-986-9272,
384,Mr,Wissam,Lane,llanecr@dropbox.com,Pittsburgh,PA,15201,11/10/2018,Email Blast,845-823-8877,
385,Mrs,Laurence,Owens,lowens@firminich.com,La Mesa,CA,92041,2/2/2018,Email Blast,216-600-6111,
386,Mr,Lois,Perkins,lperkins2w@has.com.org,Cando,ND,58324,9/28/2018,Email Blast,973-852-2736,
387,Mr,Romaric,Phillips,lphillips6h@bravesites.com,Wright,WY,82732,7/15/2018,Email Blast,907-435-9166,
388,Mrs,Louise,Redon,lredon@united.com,Eagleville,PA,19403,8/15/2018,Email Blast,215-268-1275,
389,Mr,Louis,Scoton,lscoton@ocp.com,Kailua,HI,96734,9/25/2018,Analyst Recommendations,513-977-7043,
390,Mr,Lois,Torres,ltorresid@restocucoeur.org,Beaverton,OR,97005,11/7/2018,Social Media,310-699-1222,
391,Mr,Victor,Warren,lwarrenh8@state.gov,Mount Pleasant,IA,52641,4/4/2016,Email Blast,515-370-7348,
392,Mrs,Louise,Velche,lwelchche@aa.com,St George,FL,34683,10/19/2018,Email Blast,610-809-1818,
393,Mrs,Veronique,White,lwhiten7@constantcontact.com,Fair Oaks,CA,95628,8/8/2018,Social Media,919-623-2524,
394,Mr,Smain,Alexander,malexanderf5@php.net,Fernley,NV,89408,6/17/2018,Analyst Recommendations,509-695-5199,
395,Mr,Martin,Anderson,manderson@effia.com,Concord,CA,94520,2/1/2018,Email Blast,914-868-5965,
396,Mrs,morgane,Arnold,marnold@effia.com,Fair Oaks,CA,95628,12/25/2014,Email Blast,410-757-1035,
397,Mr,Mourad,Billal,mbillal@jetblue.com,Austin,TX,78723,10/15/2018,Email Blast,516-847-4418,
398,Mr,Antony,Bowman,mbowman3b@irs.gov,Los Angeles,CA,90022,2/21/2018,Email Blast,508-456-4907,
399,Mrs,Laurine,Butler,mbutler2r@scientificamerican.com,Gorham,ME,4038,3/18/2018,Email Blast,918-644-9555,
400,Mr,Samir,Campbell,mcampbell8f@shareasale.com,Clifton Park,NY,12148,7/19/2018,Email Blast,231-467-9978,
401,Mr,Fabrice,Carr,mcarrno@storify.com,Grand Rapids,MI,49503,11/21/2018,Email Blast,337-566-6001,
402,Mr,Franck,Coleman,mcolemanjh@twitpic.com,Atlanta,GA,30305,8/6/2018,Partner Promotion,419-975-3182,
403,Mrs,Marilyne,Crawcyk,mcrawcyk@mghen.com,Nashville,TN,37209,9/11/2018,Email Blast,619-461-9984,
404,Mr,Maxime,Cruz,mcruzo7@furl.net,Bloomington,IN,47408,5/15/2018,Email Blast,203-892-3863,
405,Mrs,Marie,Dicon,mdicon@natixis.com,Saint Louis,MO,63141,7/18/2018,Social Media,201-920-9002,
406,Mr,Felix,Elliott,melliottmm@aa.com,Rochester,NY,14623,2/9/2018,Partner Promotion,330-903-1345,
407,Mr,Gerard,Ferguson,mfergusonhj@cocolog-nifty.com,Newington,CT,6111,12/16/2014,Social Media,201-238-5688,
408,Mrs,Marie,Fremand,mfremand@orange.com,Independence,KS,64055,7/2/2018,Email Blast,616-737-3085,
409,Mr,Mohamed,Fuller,mfullerl3@ft.com,Springfield,MA,1109,11/21/2018,Email Blast,601-567-5386,
410,Mrs,Melissa,George,mgeorge@effia.com,Brattleboro,VT,5301,1/30/2018,Social Media,901-640-9178,
411,Mrs,Laurence,Gomez,mgomezlf@centidel.com,Cottonwood,AZ,86326,4/20/2018,Email Blast,303-402-1940,
412,Mr,Marc,Halibert,mhalibert@bouygues.com,Bloomington,MN,55437,2/2/2018,Partner Promotion,901-901-4726,
413,Mr,Fabrice,Hansen,mhansenpd@ebay.co.uk,Westbury,NY,11590,8/24/2018,Social Media,626-866-2339,
414,Mr,Christophe,Hart,mhartha@united.com,Fort Lauderdale,FL,33301,9/9/2018,Email Blast,773-225-9985,
415,Mr,Dominique,Hawkins,dhawkins@sfr.com,Somerset,KY,42501,7/21/2018,Email Blast,718-228-5894,
416,Mr,Fabien,Hernandez,mhernandez4e@jetblue.com,Concord,MA,1742,12/9/2018,Partner Promotion,509-755-5393,
417,Mr,Stephane,Hudson,mhudson0@aa.com,Rocky Mount,NC,27804,12/31/2014,Analyst Recommendations,410-890-7866,
418,Mr,Gerard,Hunt,mhunt6g@homestead.com,Winter Park,FL,32789,1/11/2018,Email Blast,973-860-8610,
419,Mr,Daniel,Jacobs,mjacobsfy@netscape.com,Stlouis,MO,63101,6/6/2018,Analyst Recommendations,562-579-6900,
420,Mr,Dominique,Knight,mknight36@51.la,Alberta,VA,23821,7/7/2018,Partner Promotion,732-628-9909,
421,Mr,Julien,Lopez,mlopezh5@multiply.com,Santa Fe Springs,CA,90670,7/1/2018,Partner Promotion,973-210-3994,
422,Mrs,Brigitte,Marshall,mmarshallj1@deviantart.com,Mobile,AL,36608,5/1/2018,Email Blast,303-776-7548,
423,Mr,Patrick,Matthews,mmatthewsd3@abc.net.au,Kansas City,MO,64106,8/10/2018,Email Blast,757-682-7116,
424,Mrs,Flore,Matthews,mmatthewsfj@about.com,York,PA,17403,2/9/2018,Email Blast,602-919-4211,
425,Mr,Felix,Mccoy,mmccoygz@google.pl,West Roxbury,MA,2132,2/6/2018,Email Blast,305-968-9487,
426,Mr,Sylvain,Meyer,mmeyerna@aa.com,Plain City,OH,43064,4/11/2018,Email Blast,602-896-2993,
427,Mr,Pascal,Mills,mmills4u@reuters.com,Valley Mills,TX,76689,2/8/2018,Email Blast,386-526-7800,
428,Mr,Bertrand,Montgomery,mmontgomery7l@github.com,South Burlington,VT,5403,2/23/2018,Email Blast,415-331-9634,
429,Mr,Sylvain,Moreno,mmoreno49@bouygues.com,Portland,OR,97218,2/19/2018,Partner Promotion,858-793-9684,
430,Mr,Jocelyn,Nguyen,mnguyen2y@forbes.com,Tulsa,OK,74120,4/22/2018,Partner Promotion,201-991-8369,
431,Mr,Dominique,Olson,molsonfp@uol.com.br,Bridgeport,CT,6604,8/24/2018,Analyst Recommendations,909-430-7765,
432,Mr,Thierry,Perez,mpereznr@aa.com,Los Angeles,CA,90017,12/13/2014,Analyst Recommendations,617-365-2134,
433,Mr,Andre,Peterson,mpetersonmy@cbsnews.com,Houston,TX,77002,3/17/2018,Email Blast,760-291-5497,
434,Mrs,Christine,Reyes,mreyes71@jetblue.com,New York,NY,10048,6/9/2018,Email Blast,310-510-9713,
435,Mr,Regis,Rice,mriceh0@deviantart.com,Springfield,MA,1109,7/24/2018,Email Blast,717-528-8996,
436,Mr,Mederic,Richard,mrichard@Bouygues.com,Marianna,FL,32446,4/4/2018,Email Blast,480-293-2882,
437,Mr,Julien,Robertson,mrobertsonlr@creativecommons.org,Plano,TX,75024,4/27/2018,Partner Promotion,561-470-4574,
438,Mrs,Isabelle,Ruiz,mruizv@un.org,Booneville,AR,72927,4/16/2018,Email Blast,615-246-1824,
439,Mr,Didier,Ryan,mryan2f@google.es,Milwaukee,WI,53213,12/17/2014,Email Blast,859-717-7638,
440,Mrs,Claude,Ryan,mryann2@livejournal.com,Albany,GA,31701,7/25/2018,Analyst Recommendations,734-561-6170,
441,Mrs,Fabienne,Spencer,mspencern1@keyrus.com,Tigard,OR,97223,10/23/2018,Email Blast,936-751-7961,
442,Mr,Abdellatif,Stephens,mstephensby@trellian.com,Highland,IN,46322,5/1/2018,Email Blast,973-482-2430,
443,Mrs,Marie,Veste,mveste@rff.com,Dallas,TX,75247,6/2/2018,Email Blast,201-693-3967,
444,Mrs,Melissa,Ward,mwardol@sncf.com,Boston,MA,2110,2/1/2018,Email Blast,305-988-4162,
445,Mr,Philippe,Watson,mwatsonmp@house.gov,Canute,OK,73626,12/19/2014,Analyst Recommendations,931-553-9774,
446,Mr,David,Williams,mwilliams3v@capinvest.com,Owensboro,KY,42301,6/26/2018,Analyst Recommendations,714-771-3880,
447,Mr,Racim,Woods,mwoodsfi@netlog.com,Folly Beach,SC,29439,8/7/2018,Partner Promotion,847-633-3216,
448,Mr,Maxime,Austin,naustink0@etsy.com,Cedar Rapids,IA,52401,7/23/2018,Email Blast,215-888-3304,
449,Mr,Patrick,Barnes,nbarnes7k@nytimes.com,Center,SD,57058,2/15/2018,Email Blast,973-654-1561,
450,Mrs,Norma,Bennetteau,nbennetteau@macif.com,Chicago,IL,60610,1/2/2018,Email Blast,814-865-8113,
451,Mrs,Nadia,Garcia,ngarciarh@bureauveritas.com,New York,NY,10013,2/18/2018,Email Blast,801-293-9853,
452,Mr,Abderman,Griffin,ngriffinez@jetblue.com,Albany,NY,12207,2/20/2018,Analyst Recommendations,910-922-3672,
453,Mrs,Nicole,Jaunasson,njaunasson@bred.com,Washington,DC,20005,3/27/2018,Email Blast,213-975-8026,
454,Mr,Ali,Johnson,njohnson76@flavors.me,Saginaw,MI,48607,12/23/2014,Analyst Recommendations,517-499-2322,
455,Mr,Nicolas,Kelly,nkellyer@multiply.com,Asheville,NC,28801,5/5/2018,Social Media,315-818-2638,
456,Mr,Adrien,Medina,nmedinaoy@vistaprint.com,Brattleboro,VT,5301,11/1/2018,Partner Promotion,574-656-2800,
457,Mr,Thierry,Medina,nmedinap9@parallels.com,Worthington,OH,43085,8/13/2018,Partner Promotion,407-312-1691,
458,Mr,Philippe,Perez,nperezfd@jetblue.com,Poughkeepsie,NY,12601,2/8/2018,Email Blast,973-751-9003,
459,Mr,Roger,Phillips,nphillipsb1@businessweek.com,Buffalo,NY,14216,10/2/2018,Social Media,609-200-8577,
460,Mr,Gerard,Reyes,nreyes4p@gov.uk,Cleveland,OH,44115,4/27/2018,Email Blast,608-382-4541,
461,Mr,Franck,Torres,ntorresm2@galfga.com,Orange,CA,92665,11/6/2018,Email Blast,914-861-9748,
462,Mr,Claude,Watkins,nwatkins9s@istockphoto.com,Washington,MD,20008,12/7/2018,Analyst Recommendations,336-370-5333,
463,Mr,Yves,Wright,nwright5f@weebly.com,Saint Louis,MO,63101,3/25/2018,Email Blast,410-473-1708,
464,Mrs,Safietou,Allen,pallenem@jetblue.com,Placerville,CA,95667,5/27/2018,Analyst Recommendations,732-730-2692,
465,Mr,Peter,Daniels,pdanielsqu@eepurl.com,Detroit,MI,48207,2/26/2018,Social Media,830-258-2769,
466,Mr,Christian,Edwards,pedwards6f@amazon.co.uk,Raleigh,NC,27529,4/15/2018,Partner Promotion,847-519-5906,
467,Mr,Jerome,Ellis,pelliscw@typepad.com,Mira Loma,CA,91752,11/25/2014,Email Blast,732-605-4781,
468,Mrs,Patricia,Fieldon,pfieldon@hsbc.com,San Rafael,CA,94909,2/23/2018,Email Blast,402-896-5943,
469,Mrs,Caroline,Foster,pfosterc4@over-blog.com,Miami,FL,33131,7/13/2018,Analyst Recommendations,703-221-5602,
470,Mr,Patrick,Frazier,pfrazierq2@spotify.com,Mansfield,OH,44902,11/15/2018,Email Blast,972-558-1665,
471,Mr,Fabrice,Garcia,pgarciakz@dell.com,Apollo,PA,15613,3/28/2018,Email Blast,212-510-4633,
472,Mr,Pascal,Gonzales,pgonzalesj0@businessdecision.com,Freeport,IL,61032,10/19/2018,Analyst Recommendations,516-816-1541,
473,Mrs,Murielle,Gonzalez,pgonzaleza@talend.com,Phoenix,AZ,85040,5/8/2018,Email Blast,352-598-8301,
474,Mrs,Dalila,Gray,pgraypl@rexel.com,Fergus Falls,MN,56537,9/5/2018,Email Blast,317-542-6023,
475,Mrs,Paula,Green,pgreenhf@discuz.net,Poughkeepsie,NY,12603,8/13/2018,Analyst Recommendations,816-557-9673,
476,Mr,Cyril,Hanson,phanson7z@tinypic.com,Seattle,WA,98101,1/28/2018,Email Blast,601-234-9632,
477,Mr,Pierre-Henri,Torres,phtorres@aa.com,Columbia,MD,21044,12/17/2018,Analyst Recommendations,325-869-2649,
478,Mr,Abderman,Hughes,phughes73@aa.com,Los Angeles,CA,90017,7/25/2018,Partner Promotion,408-805-4309,
479,Mr,Abdellatif,Kelley,pkelleyc0@japanpost.jp,Detroit,MI,48226,8/1/2018,Email Blast,856-312-2629,
480,Mr,Paul,Martin,pmartinj@danone.com,Southfield,MI,48075,11/4/2018,Analyst Recommendations,510-974-8671,
481,Mr,Pierre,Martin,pmartinq@gmf.com,Marquette,NE,68854,10/27/2018,Social Media,407-538-5106,
482,Mr,Philippe,Mitchell,pmitchell7v@bbc.co.uk,Tallahassee,FL,32301,12/4/2018,Partner Promotion,307-403-1488,
483,Mr,Phyllis,Nguyen,pnguyen@ibm.com,Long Island City,NY,11101,10/12/2014,Analyst Recommendations,516-393-9967,
484,Mrs,Malika,Owens,powens3@cddiscount.com,Seattle,WA,98101,5/25/2018,Analyst Recommendations,608-967-7194,
485,Mrs,Paula,Payne,ppayneqk@aol.com,Fort Walton Beach,FL,32548,3/17/2018,Email Blast,201-431-2989,
486,Mr,Phillippe,Peter,ppeter@schneider-electric.com,Virginia Beach,VA,23462,10/18/2018,Analyst Recommendations,570-648-3035,
487,Mr,Olivier,Reed,preedl9@aa.com,Lansing,MI,48933,5/20/2018,Email Blast,858-617-7834,
488,Mr,Radu,Romero,promeroas@shop-pro.jp,Garner,NC,27529,5/11/2018,Email Blast,760-616-5388,
489,Mr,Philippe,Samson,psamson@cic.com,Savage,DC,20763,2/28/2018,Social Media,609-373-3332,
490,Mr,Francois,Stevens,pstevenshn@webmd.com,Denver,CO,80202,10/5/2018,Partner Promotion,401-465-6432,
491,Mr,Patrice,Stoneur,pstoneur@icloud.com,Columbia,SC,29210,5/31/2018,Email Blast,785-347-1805,
492,Mr,Fabien,Wagner,pwagneraz@symantec.com,Goreville,IL,62939,11/11/2018,Email Blast,916-920-3571,
493,Mr,Henri,Walker,pwalker5r@ameblo.jp,Southfield,MI,48075,5/4/2018,Email Blast,386-248-4118,
494,Mr,Patrick,Wallace,pwallace6t@socgen.com,Billings,MT,59102,7/6/2018,Social Media,202-646-7516,
495,Mr,David,White,pwhite5c@friendfeed.com,Stamford,CT,6901,5/9/2018,Email Blast,415-423-3294,
496,Mr,Jean-Philippe,Bell,rbelldv@printfriendly.com,Alpharetta,GA,30201,11/28/2014,Partner Promotion,208-709-1235,
497,Mr,Alain,Bennett,rbennettb2@instagram.com,Powers,MI,49874,9/13/2018,Email Blast,574-499-1454,
498,Mr,Ronald,Berry,rberryq6@goo.ne.jp,Miami,FL,33128,9/7/2018,Email Blast,308-726-2182,
499,Mrs,Philimena,Bowman,rbowman8n@java.com,Burnet,TX,78611,12/26/2014,Partner Promotion,206-711-6498,
500,Mr,laurent,Bryant,rbryant3x@boeing.com,Saint Petersburg,FL,33714,3/25/2018,Partner Promotion,407-413-4842,
501,Mr,Eric,Carr,rcarr1i@whitehouse.gov,Bakersfield,CA,93301,5/21/2018,Partner Promotion,,
502,Mrs,Josiane,Crawford,rcrawford1a@bbraunn.com,San Diego,CA,92103,12/27/2014,Partner Promotion,,
503,Mr,Denis,Cunningham,rcunninghammg@nba.com,Binghamton,NY,13904,10/11/2018,Analyst Recommendations,,
504,Mr,Herve,Duncan,rduncanpn@dedecms.com,Montgomery,AL,36104,9/24/2018,Analyst Recommendations,,
505,Mr,Laurent,Fields,rfieldslc@ibm.com,Countryside,FL,34619,8/26/2018,Email Blast,,
506,Mr,Emmanuel,Ford,rford8e@github.com,White River Junction,NH,5001,4/3/2018,Email Blast,,
507,Mr,Daniel,Franklin,rfranklink4@tripod.com,Casper,WY,82601,12/14/2014,Partner Promotion,,
508,Mr,David,George,rgeorge1r@clickbank.net,Bloomfield Township,MI,48302,1/4/2018,Email Blast,,
509,Mr,Sylvain,Gomez,rgomez7a@imageshack.us,Lansing,MI,48933,1/29/2018,Email Blast,,
510,Mr,Dominique,Gomez,rgomez9j@washingtonpost.com,Colrain,MA,1340,8/25/2018,Email Blast,,
511,Mr,ARNAUD,Gonzales,rgonzales5p@aa.com,Fayetteville,NC,28305,2/11/2018,Email Blast,,
512,Mr,Nicolas,Hall,rhall6c@phpbb.com,Santa Teresa,NM,88008,10/20/2018,Email Blast,,
513,Mr,Serge,Hall,rhalla8@stggroup.com,Denver,CO,80219,11/5/2018,Email Blast,,
514,Mr,Clement ,Hansen,rhansen4i@youtube.com,Newnan,GA,30263,2/15/2018,Partner Promotion,,
515,Mr,Roy,Henry,rhenrycz@zdnet.com,Miami,FL,33128,9/2/2018,Email Blast,,
516,Mr,Christophe,Howell,rhowellbu@deviantart.com,Dallas,TX,75216,8/9/2018,Partner Promotion,,
517,Mrs,Isabelle,Howell,rhowellci@plala.or.jp,Cambridge,MA,2141,11/7/2018,Email Blast,,
518,Mr,Richard,Hunter,rhunter79@aa.com,West Palm Beach,FL,33410,9/5/2018,Email Blast,,
519,Mr,Vincent,James,rjames52@utexas.edu,Garden City,NY,11530,5/31/2018,Email Blast,,
520,Mrs,Nadege,King,rking9i@pickserve.com,Terminal,TX,79703,10/16/2018,Partner Promotion,,
521,Mr,Thierry,Lopez,rlopez9o@jetblue.com,Spokane,ID,99201,10/23/2018,Analyst Recommendations,,
522,Mr,Regis,Lynch,rlynchqv@instagram.com,Bensenville,IL,60106,6/28/2018,Partner Promotion,,
523,Mr,Raymond,Martin,rmartin@sfr.com,Bloomfield Township,MI,48302,11/20/2018,Social Media,,
524,Mr,Rachid,Martinez,rmartinezky@lulu.com,Sioux Falls,SD,57102,9/28/2018,Partner Promotion,,
525,Mrs,Aurore,Medina,rmedinac1@cnes.com,Dodgeville,WI,52650,8/13/2018,Email Blast,,
526,Mr,Albert,Mitchell,rmitchell3f@jetblue.com,Fresno,CA,93721,11/22/2018,Social Media,,
527,Mrs,Frederique,Moore,rmoorero@orange.com,Covington,GA,30209,7/29/2018,Analyst Recommendations,,
528,Mr,Ralph,Moret,rmoret@airliquide.com,Davis,CA,95616,11/29/2014,Email Blast,,
529,Mr,Bruno,Ortiz,rortiz82@pagesperso-orange.com,Willimantic,CT,6226,5/17/2018,Email Blast,,
530,Mr,Laurent,Owens,rowens6k@united.com,Raleigh,NC,27604,11/23/2014,Email Blast,,
531,Mr,Herve,Owens,rowensac@foxnews.com,Quincy,IL,62301,6/5/2018,Email Blast,,
532,Mr,Ralph,Palmer,rpalmerg9@axa.com,Phoenix,AZ,85032,6/6/2018,Email Blast,,
533,Mrs,Julie,Phillips,rphillipsou@jetblue.com,Jackson,MS,39201,10/4/2018,Partner Promotion,,
534,Mr,Xavier,Price,rprice9w@a8.net,Milwaukee,WI,53226,1/26/2018,Partner Promotion,,
535,Mr,Roi,Price,rpricekj@aa.com,Dallas,TX,75234,2/14/2018,Social Media,,
536,Mr,Rick,Pritt,rpritt@creditagricole.com,State College,PA,16801,7/6/2018,Analyst Recommendations,,
537,Mrs,Delphine,Ramos,rramos@bergerlevrault.com,Brunswick,GA,31520,3/19/2018,Partner Promotion,,
538,Mr,STEPHANE,Ray,rray7e@orange.com,Houston,TX,77032,4/8/2018,Partner Promotion,,
539,Mr,Raymond,Reid,rreid8u@wikipedia.org,Piscataway,NJ,8854,4/26/2018,Email Blast,,
540,Mr,Georges,Rice,rrice35@uiuc.edu,Elk Grove Village,IL,60007,10/7/2018,Partner Promotion,,
541,Mr,Ryan,Richards,rrichardsqp@hao123.com,Long Beach,CA,90808,11/16/2018,Partner Promotion,,
542,Mr,Richard,Ridan,rridan@united.com,Locust Grove,OK,74352,9/5/2018,Email Blast,,
543,Mr,Quac,Robertson,rrobertson3c@ocn.ne.jp,Los Angeles,CA,90017,1/29/2018,Email Blast,,
544,Mr,Jimmy,Roberts,rrobertsov@ucla.edu,Boston,MA,2114,1/27/2018,Email Blast,,
545,Mr,Claude,Sanders,rsandersjl@utexas.edu,Glendale,AZ,85301,3/13/2018,Email Blast,,
546,Mr,Alexandre,Schmidt,rschmidt34@microsoft.com,Columbus,GA,31901,1/24/2018,Email Blast,,
547,Mrs,Fabienne,Shaw,rshawah@rexel.com,Annapolis Junction,MD,20701,4/24/2018,Analyst Recommendations,,
548,Mrs,Gia-Hien,Stanley,rstanleyz@wunderground.com,Monticello,GA,31064,10/21/2018,Email Blast,,
549,Mr,Reynald,Stephens,rstephens51@qq.com,Vero Beach,FL,32963,10/4/2018,Email Blast,,
550,Mrs,Rebecca,Stevens,rstevensbl@engie.com,Winston Salem,NC,27012,9/13/2018,Email Blast,,
551,Mrs,Virginie,Stone,rstonemr@eramet.com,Los Angeles,CA,90017,12/6/2018,Partner Promotion,,
552,Mr,Christophe,Taylor,rtaylorhd@aa.com,Sunrise,FL,33317,2/27/2018,Analyst Recommendations,,
553,Mr,Raymond,Torres,rtorres@Gapaip.com,New Castle,DE,19720,1/9/2018,Analyst Recommendations,,
554,Mr,Alain,Turner,rturnerka@wikimedia.org,Waipahu,HI,96797,8/9/2018,Analyst Recommendations,,
555,Mr,Christophe,Wallace,rwallaceba@house.gov,Lake Preston,SD,57249,4/17/2018,Analyst Recommendations,,
556,Mrs,Marie-Christine,Ward,rwardm8@delta.com,Lockport,IL,60441,5/11/2018,Partner Promotion,,
557,Mrs,Christine,Webb,rwebbk@orange.com,Saint Louis,MO,63146,5/16/2018,Analyst Recommendations,,
558,Mr,Jocelyn,Webb,rwebbm5@dmoz.org,Coos Bay,OR,97420,11/27/2014,Partner Promotion,,
559,Mr,Ralph,Vebi,rwebi@united.com,Mount Vernon,WA,98273,10/28/2018,Email Blast,,
560,Mrs,Carole,Wood,rwoodgf@keyrus.com,Bells Savoy,TX,75414,1/22/2018,Email Blast,,
561,Mrs,Ruby,Wood,rwoodmc@axa.com,Sacramento,CA,95814,2/18/2018,Email Blast,,
562,Mrs,Susanne,Allen,sallen2v@delta.com,Wichita Falls,TX,76301,10/5/2018,Partner Promotion,,
563,Mrs,Philimena,Anderson,sandersong8@genevaairport.com,Brooklyn,NY,11234,8/20/2018,Email Blast,,
564,Mrs,Aurelie,Butler,sbutler3r@addtoany.com,Dallas,TX,75244,5/4/2018,Email Blast,,
565,Mr,Guillaume,Carter,scarterk1@delta.com,San Antonio,TX,78209,5/24/2018,Analyst Recommendations,,
566,Mr,Stephen,Clark,sclarkc5@sfr.com,Coffey,MO,64636,3/23/2018,Partner Promotion,,
567,Mrs,Susanne,Crawford,scrawfordb8@boursorama.com,Washington,VA,20200,7/8/2018,Email Blast,,
568,Mr,Dejan,Daniels,sdanielsoh@tinyurl.com,Glen Rose,TX,76043,1/31/2018,Email Blast,,
569,Mr,Steven,Davis,sdavisqn@behance.net,Camden,NJ,8104,7/27/2018,Partner Promotion,,
570,Mrs,Carole,Duncas,sduncanhs@minagri.com,Sherrard,IL,61281,11/18/2018,Analyst Recommendations,,
571,Mr,Jalil,Edwards,sedwards39@delta.com,Grand Rapids,MI,49503,10/15/2018,Analyst Recommendations,,
572,Mr,Khalid,Elliott,selliott87@printfriendly.com,Birmingham,AL,35203,10/20/2018,Email Blast,,
573,Mr,Samuel,Evans,sevansm@ald.com,Shaker Heights,OH,44120,9/24/2018,Social Media,,
574,Mr,Patrick,Hicks,shicks25@jetblue.com,Sleepy Eye,MN,56085,9/9/2018,Analyst Recommendations,,
575,Mrs,Valerie,Hicks,shicksfw@nyu.edu,Burr Ridge,IL,61257,8/18/2018,Partner Promotion,,
576,Mrs,Gia-Hien,Howell,showellpq@google.co.uk,New Castle,PA,19720,12/3/2018,Partner Promotion,,
577,Mr,Christian,Jacobs,sjacobsij@nyu.edu,Sheridan,OR,97378,1/31/2018,Email Blast,,
578,Mr,Antoine,Kelly,skellyma@furl.net,Long Beach,CA,90802,7/11/2018,Email Blast,,
579,Mr,Gregory,Little,slittlebh@jetblue.com,Cleves,OH,45002,2/19/2018,Partner Promotion,,
580,Mr,Franck,Meyer,smeyerml@jetblue.com,Bellflower,CA,90706,4/24/2018,Analyst Recommendations,,
581,Mr,Herve,Morris,smorris3d@cbslocal.com,Bowie,MD,20720,3/22/2018,Email Blast,,
582,Mr,Philippe,Murray,smurray2b@noaa.gov,Centennial,CO,80112,3/5/2018,Analyst Recommendations,,
583,Mrs,Sylvie,Perkins,sperkinshr@danone.com,Everest,KS,66424,5/2/2018,Social Media,,
584,Mr,Envel,Perry,sperryp2@united.com,New York,NY,10011,7/10/2018,Email Blast,,
585,Mr,Nicolas,Peters,spetersiu@jetblue.com,Commerce,TX,75428,7/10/2018,Email Blast,,
586,Mrs,Stephanie,Pierce,spierce@loreal.com,Dayton,OH,45402,12/27/2014,Analyst Recommendations,,
587,Mrs,Stephanie,Robert,srobert@saintgobain.com,Montrose,MO,64770,3/8/2018,Email Blast,,
588,Mr,Gilles,Robertson,srobertson@Autodistribution.com,Redding,CA,96001,2/22/2018,Partner Promotion,,
589,Mr,Vincent,Schmidt,sschmidtdn@narod.ru,Oakland,CA,94612,2/12/2014,Partner Promotion,,
590,Mr,Pierre-Marie,Simpson,ssimpsonp1@delta.com,Philadelphia,PA,19146,6/20/2018,Partner Promotion,,
591,Mr,Sebastien,Stanley,sstanleygs@netlog.com,Concord,MA,1742,10/16/2018,Partner Promotion,,
592,Mr,Sylvain,Thomas,sthomas@orange.com,Saginaw,MI,48607,10/10/2018,Analyst Recommendations,,
593,Mrs,Nathalie,Warren,swarrenho@minefi.com,San Francisco,CA,94124,11/23/2014,Partner Promotion,,
594,Mr,Hubert,Weaver,sweaverdr@delta.com,Las Vegas,NV,89101,1/16/2018,Partner Promotion,,
595,Mr,Eric,Wright,swrightaa@walmart.com,Norfolk,VA,23513,9/21/2018,Social Media,,
596,Mr,Christian,Chavez,tchavezdl@forbes.com,Mountain Home,TX,78058,1/11/2018,Email Blast,,
597,Mr,Thierry,Chavez,tchavezr3@vkontakte.ru,Concordia,MO,64020,10/19/2018,Email Blast,,
598,Mr,Christian,Clark,tclarkld@orange.com,Minneapolis,MN,55401,10/9/2018,Email Blast,,
599,Mrs,Marie-Francoise,Davis,tdavis9z@bergerlevrault.com,Saint Cloud,MN,56301,4/4/2018,Email Blast,,
600,Mr,David,Diaz,tdiaz7j@bing.com,Frazer,MT,59225,8/9/2018,Analyst Recommendations,,
601,Mr,Thierry,Ducan,tdunan@groupama.com,Milwaukee,WI,53225,11/6/2018,Email Blast,,
602,Mr,Thiery,Elliott,telliott89@jetblue.com,Louisville,KY,40216,9/6/2018,Analyst Recommendations,,
603,Mrs,Tina,Filerie,tfelrie@arcelor.com,Mcallen,TX,78501,8/19/2018,Email Blast,,
604,Mrs,Florence,Fernandez,tfernandez6s@nyu.edu,Oakland,CA,94607,1/5/2018,Partner Promotion,,
605,Mrs,Therese,Gilbert,tgilbertqg@atac.com,Dodge City,KS,67801,7/30/2018,Social Media,,
606,Mr,Gerardo,Grant,tgrant6p@wiley.com,Greenport  Suffolk,NY,11944,6/18/2018,Partner Promotion,,
607,Mr,Etienne,Hamilton,thamiltono8@jetblue.com,Owatonna,MN,55060,9/28/2018,Analyst Recommendations,,
608,Mr,John,Hanson,thanson4b@engadget.com,Atlanta,GA,30339,3/4/2018,Partner Promotion,,
609,Mr,Alain,Harper,tharper3n@blogtalkradio.com,Elmsford,NY,10523,3/15/2018,Email Blast,,
610,Mrs,Delphine,Howell,thowellj2@leenti.com,Chicago,IL,60607,10/13/2018,Analyst Recommendations,,
611,Mr,Thierry,Lane,tlaned@macif.com,Worcester,MA,1609,2/22/2018,Analyst Recommendations,,
612,Mr,Vincent,Morris,tmorris5y@etsy.com,New Brunswick,NJ,8901,5/29/2018,Analyst Recommendations,,
613,Mrs,Marie,Nelson,tnelson6x@wunderground.com,Wilmington,NC,28405,8/19/2018,Partner Promotion,,
614,Mr,Pascal,Phillips,tphillipsk8@mozilla.com,Dalton,NE,69131,4/4/2016,Email Blast,,
615,Mr,Robert,Powell,tpowellok@nyu.edu,Columbia,MD,21046,1/25/2018,Email Blast,,
616,Mr,Pascal,Reed,treedpo@dion.ne.jp,Burr Ridge,IL,60527,9/3/2018,Email Blast,,
617,Mr,Eric,Ruiz,truiz61@geocities.com,Clinton,OK,73601,4/30/2018,Email Blast,,
618,Mr,Thierry,Russe,trussel@united.com,Lowell,MA,1852,10/9/2018,Partner Promotion,,
619,Mrs,Veronique,Schmidt,tschmidtp8@sanofi.com,Chicago,IL,60620,5/30/2018,Partner Promotion,,
620,Mr,Walrand,Sims,tsims28@united.com,Laguna Niguel,CA,92677,5/27/2018,Partner Promotion,,
621,Mrs,Therese,Tucker,ttuckerr7@antalis.com,Chicago,IL,60606,1/19/2018,Social Media,,
622,Mr,Thierry,Warin,twarin@sfr.com,Eagle,WI,53119,12/12/2014,Email Blast,,
623,Mr,Fabien,Watson,twatsonb7@fc2.com,New York,NY,10016,10/17/2018,Email Blast,,
624,Mr,Florent,Weaver,tweaverk6@jetblue.com,Lomita,CA,90717,5/21/2018,Analyst Recommendations,,
625,Mr,Victor,Bishop,vbishoppk@friendfeed.com,Minneapolis,MN,55415,1/18/2018,Email Blast,,
626,Mr,Jean-Philippe,Cook,vcookdp@a8.net,Fairmount,IL,61841,1/21/2018,Email Blast,,
627,Mrs,Brigitte,Gonzales,vgonzalesef@talend.com,Pomona,CA,91766,12/2/2018,Partner Promotion,,
628,Mr,christophe,Gonzalez,vgonzalez8c@rsdi.com,Washington,PA,15301,12/17/2014,Partner Promotion,,
629,Mr,Pascal,Hanson,vhanson4k@ehow.com,Schell City,MO,64783,7/19/2018,Partner Promotion,,
630,Mr,Charles,Lopez,vlopez41@dedecms.com,Urbandale,IA,50322,5/6/2018,Email Blast,,
631,Mr,Sebastien,Meyer,vmeyernq@plala.or.jp,Austin,TX,78741,2/17/2018,Analyst Recommendations,,
632,Mr,Antony,Sanchez,vsanchezon@shop-pro.jp,Jacksonville,FL,32216,5/11/2018,Analyst Recommendations,,
633,Mr,Rodolphe,Adams,wadamsi5@senate.gov,California,PA,15419,7/12/2014,Email Blast,,
634,Mr,Joel,Butler,wbutlerl2@a8.net,Enterprise,AL,36330,9/15/2018,Partner Promotion,,
635,Mrs,Delphine,Cook,wcook1f@united.com,Warren,OH,44484,3/5/2018,Email Blast,,
636,Mrs,Claude,Crawford,wcrawfordii@centimia.com,Wayne,NJ,7477,10/19/2018,Analyst Recommendations,,
637,Mr,Walter,Diaz,wdiaz@jetblue.Com,Lawrenceville,GA,30245,3/2/2018,Partner Promotion,,
638,Mr,Christophe,Duncan,wduncanfm@berkeley.edu,Tinley Park,IL,60477,6/8/2018,Email Blast,,
639,Mr,Olivier,Fuller,wfuller7b@united.com,Apple Valley,MN,55124,8/31/2018,Social Media,,
640,Mr,William,Harvey,wharvey5v@engie.com,El Paso,TX,79901,2/2/2018,Email Blast,,
641,Mr,Wayne,Lawrence,wlawrence19@united.com,Jacksonville,NC,28540,3/9/2018,Analyst Recommendations,,
642,Mr,Wayne,Mcdonald,wmcdonaldap@united.com,Annapolis,MD,21401,3/4/2018,Social Media,,
643,Mrs,Brigitte,Myers,wmyers1@spiegel.de,Minneapolis,MN,55406,5/25/2018,Email Blast,,
644,Mr,Dejan,Price,wpricekb@trupe.com,Tuscaloosa,AL,35404,10/13/2018,Email Blast,,
645,Mr,Willaim,White,wwhiterd@dilaconsulting.com,Blanco,TX,78606,8/19/2018,Email Blast,,
646,Mr,XAVIER,Martin,xmartin@loreal.com,Springfield,MA,1103,9/12/2014,Analyst Recommendations,,
647,Mr,Frederic,,,Sacramento,CA,95814,3/22/2018,Analyst Recommendations,,
648,Mr,,Perez,,Lafayette,LA,70501,6/16/2018,Email Blast,,
649,Mr,,Perry,,Buffalo,NY,14214,11/1/2018,Email Blast,,
650,Mr,,Walker,,Girard,KS,66743,11/8/2018,Social Media,,
651,Mr,,Black,,,,,5/17/2018,Analyst Recommendations,,
652,Mr,,Dunn,,,,,7/7/2018,Email Blast,,
653,Mr,,Thompson,,,,,1/29/2018,Email Blast,,
654,Mr,,Alvarez,,,,,2/23/2018,Email Blast,,
655,Mr,,Garcia,,,,,12/17/2014,Email Blast,,
656,Mr,,Fernandez,,,,,11/17/2018,Email Blast,,
657,Mr,,Hamilton,,,,,10/15/2018,Analyst Recommendations,,
658,Mr,,Meyer,,,,,5/7/2018,Email Blast,,
659,Mr,,Turner,,,,,12/7/2018,Social Media,,
660,Mr,,Howell,,,,,2/4/2018,Social Media,,
661,Mr,,Montgomery,,,,,10/27/2018,Email Blast,,
662,Mr,,Taylor,,,,,3/13/2018,Analyst Recommendations,,
663,Mr,,Harrison,,,,,2/7/2018,Email Blast,,
664,Mr,,Reynolds,,,,,6/23/2018,Email Blast,,
665,Mr,,Miller,,,,,5/21/2018,Email Blast,,
666,Mr,,Stevens,,,,,8/23/2018,Analyst Recommendations,,
667,Mr,,Flores,,,,,1/7/2018,Social Media,,
668,Mr,,Meyer,,,,,5/7/2018,Email Blast,,
659,Mr,,Turner,,,,,12/7/2018,Social Media,,
660,Mr,,Howell,,,,,2/4/2018,Social Media,,
661,Mr,,Montgomery,,,,,10/27/2018,Email Blast,,
662,Mr,,Taylor,,,,,3/13/2018,Analyst Recommendations,,
663,Mr,,Harrison,,,,,2/7/2018,Email Blast,,
664,Mr,,Reynolds,,,,,6/23/2018,Email Blast,,
665,Mr,,Miller,,,,,5/21/2018,Email Blast,,
666,Mr,,Stevens,,,,,8/23/2018,Analyst Recommendations,,
667,Mr,,Flores,,,,,1/7/2018,Social Media,,
639,Mr,Olivier,Fuller,wfuller7b@united.com,Apple Valley,MN,55124,8/31/2018,Social Media,,
640,Mr,William,Harvey,wharvey5v@engie.com,El Paso,TX,79901,2/2/2018,Email Blast,,
641,Mr,Wayne,Lawrence,wlawrence19@united.com,Jacksonville,NC,28540,3/9/2018,Analyst Recommendations,,
642,Mr,Wayne,Mcdonald,wmcdonaldap@united.com,Annapolis,MD,21401,3/4/2018,Social Media,,
643,Mrs,Brigitte,Myers,wmyers1@spiegel.de,Minneapolis,MN,55406,5/25/2018,Email Blast,,
644,Mr,Dejan,Price,wpricekb@trupe.com,Tuscaloosa,AL,35404,10/13/2018,Email Blast,,
645,Mr,Willaim,White,wwhiterd@dilaconsulting.com,Blanco,TX,78606,8/19/2018,Email Blast,,
646,Mr,XAVIER,Martin,xmartin@loreal.com,Springfield,MA,1103,9/12/2014,Analyst Recommendations,,
647,Mr,Frederic,,,Sacramento,CA,95814,3/22/2018,Analyst Recommendations,,
648,Mr,,Perez,,Lafayette,LA,70501,6/16/2018,Email Blast,,
649,Mr,,Perry,,Buffalo,NY,14214,11/1/2018,Email Blast,,
650,Mr,,Walker,,Girard,KS,66743,11/8/2018,Social Media,,
651,Mr,,Black,,,,,5/17/2018,Analyst Recommendations,,
652,Mr,,Dunn,,,,,7/7/2018,Email Blast,,
653,Mr,,Thompson,,,,,1/29/2018,Email Blast,,
654,Mr,,Alvarez,,,,,2/23/2018,Email Blast,,
655,Mr,,Garcia,,,,,12/17/2014,Email Blast,,
656,Mr,,Fernandez,,,,,11/17/2018,Email Blast,,
657,Mr,,Hamilton,,,,,10/15/2018,Analyst Recommendations,,
658,Mr,,Meyer,,,,,5/7/2018,Email Blast,,
659,Mr,,Turner,,,,,12/7/2018,Social Media,,
660,Mr,,Howell,,,,,2/4/2018,Social Media,,
661,Mr,,Montgomery,,,,,10/27/2018,Email Blast,,
662,Mr,,Taylor,,,,,3/13/2018,Analyst Recommendations,,
663,Mr,,Harrison,,,,,2/7/2018,Email Blast,,
664,Mr,,Reynolds,,,,,6/23/2018,Email Blast,,
665,Mr,,Miller,,,,,5/21/2018,Email Blast,,
666,Mr,,Stevens,,,,,8/23/2018,Analyst Recommendations,,
667,Mr,,Flores,,,,,1/7/2018,Social Media,,
668,Mr,,Meyer,,,,,5/7/2018,Email Blast,,
659,Mr,,Turner,,,,,12/7/2018,Social Media,,
660,Mr,,Howell,,,,,2/4/2018,Social Media,,
661,Mr,,Montgomery,,,,,10/27/2018,Email Blast,,
662,Mr,,Taylor,,,,,3/13/2018,Analyst Recommendations,,
663,Mr,,Harrison,,,,,2/7/2018,Email Blast,,
664,Mr,,Reynolds,,,,,6/23/2018,Email Blast,,
665,Mr,,Miller,,,,,5/21/2018,Email Blast,,
666,Mr,,Stevens,,,,,8/23/2018,Analyst Recommendations,,
667,Mr,,Flores,,,,,1/7/2018,Social Media,,
